task_name,dtype,seed,alpha,hid_size,num_layers,n_collocation,n_ic,n_bc,adam_steps,lbfgs_steps,final_loss,final_l2_error,time_sec,log_dir,source,variant,best_l2_error,elapsed_time,case_name,case_value,run_id,nu,init_gain,adam_steps_config,lr_adam,lbfgs_steps_config,lbfgs_max_iter,lbfgs_max_eval,lbfgs_history_size,lbfgs_tolerance_grad,lbfgs_tolerance_change,resample_every,lbfgs_lr,best_step,l2_ratio,m,lambda_val,point_mode,hard_bc,bc_weight,run_name,adam_name,lbfgs_name,lbfgs_line_search_fn,beta,n_grid,error
heat1d,fp32,0,0.1,64,4,5000,500.0,500.0,8000,500,2.2018689378455747e-06,0.0003752529737539,96.47497844696044,/kaggle/working/runs/heat1d_fp32_0,heat1d_precision,heat1d_precision,0.0003752529737539,96.47497844696044,alpha,0.1,,,,,,,,,,,,,,,,,,,,,,,,,,,
heat1d,fp32,1,0.1,64,4,5000,500.0,500.0,8000,500,1.4717136309627676e-06,0.0002165301557397,87.89068031311035,/kaggle/working/runs/heat1d_fp32_1,heat1d_precision,heat1d_precision,0.0002165301557397,87.89068031311035,alpha,0.1,,,,,,,,,,,,,,,,,,,,,,,,,,,
heat1d,fp32,2,0.1,64,4,5000,500.0,500.0,8000,500,7.952358828333672e-06,0.0005986809264868,83.86953020095825,/kaggle/working/runs/heat1d_fp32_2,heat1d_precision,heat1d_precision,0.0005986809264868,83.86953020095825,alpha,0.1,,,,,,,,,,,,,,,,,,,,,,,,,,,
heat1d,fp64,0,0.1,64,4,5000,500.0,500.0,8000,500,7.1802057297391584e-06,0.0008299220745667,162.50252771377563,/kaggle/working/runs/heat1d_fp64_0,heat1d_precision,heat1d_precision,0.0008299220745667,162.50252771377563,alpha,0.1,,,,,,,,,,,,,,,,,,,,,,,,,,,
heat1d,fp64,1,0.1,64,4,5000,500.0,500.0,8000,500,3.050856411033388e-06,0.0003106738239774,165.2625916004181,/kaggle/working/runs/heat1d_fp64_1,heat1d_precision,heat1d_precision,0.0003106738239774,165.2625916004181,alpha,0.1,,,,,,,,,,,,,,,,,,,,,,,,,,,
heat1d,fp64,2,0.1,64,4,5000,500.0,500.0,8000,500,1.985004664197959e-06,0.0002769395990441,165.3905792236328,/kaggle/working/runs/heat1d_fp64_2,heat1d_precision,heat1d_precision,0.0002769395990441,165.3905792236328,alpha,0.1,,,,,,,,,,,,,,,,,,,,,,,,,,,
burgers1d,fp32,0,,256,4,10000,800.0,800.0,3000,2000,0.0006721697864122,0.2708814144134521,690.6303808689117,/kaggle/working/results_exp_11_burgers1d_short_adam_long_lbfgs/runs/exp11_r001_nu0p001_adam3000_lbfgs5000_inner5_resample200_fp32_s0,burgers_long_lbfgs,adam3000_lbfgs5000_inner5_resample200,0.2708814144134521,690.6303808689117,nu,0.001,1.0,0.001,,3000.0,0.0005,2000.0,5.0,,100.0,1e-08,1e-10,200.0,1.0,5000.0,1.0,,,,,,,,,,,,
burgers1d,fp64,0,,256,4,10000,800.0,800.0,3000,2000,0.0002289403703563,0.1003156039928465,5103.282606601715,/kaggle/working/results_exp_11_burgers1d_short_adam_long_lbfgs/runs/exp11_r002_nu0p001_adam3000_lbfgs5000_inner5_resample200_fp64_s0,burgers_long_lbfgs,adam3000_lbfgs5000_inner5_resample200,0.0995819415032934,5103.282606601715,nu,0.001,2.0,0.001,,3000.0,0.0005,2000.0,5.0,,100.0,1e-08,1e-10,200.0,1.0,4900.0,1.007367425041907,,,,,,,,,,,,
burgers1d,fp32,0,,256,4,10000,800.0,800.0,3000,2000,3.2506828574696556e-05,0.0506145767867565,697.4383900165558,/kaggle/working/results_exp_11_burgers1d_short_adam_long_lbfgs/runs/exp11_r003_nu0p002_adam3000_lbfgs5000_inner5_resample200_fp32_s0,burgers_long_lbfgs,adam3000_lbfgs5000_inner5_resample200,0.0477750860154628,697.4383900165558,nu,0.002,3.0,0.002,,3000.0,0.0005,2000.0,5.0,,100.0,1e-08,1e-10,200.0,1.0,3900.0,1.0594345506855731,,,,,,,,,,,,
burgers1d,fp64,0,,256,4,10000,800.0,800.0,3000,2000,8.96408323305498e-05,0.0509173207038287,5115.536487817764,/kaggle/working/results_exp_11_burgers1d_short_adam_long_lbfgs/runs/exp11_r004_nu0p002_adam3000_lbfgs5000_inner5_resample200_fp64_s0,burgers_long_lbfgs,adam3000_lbfgs5000_inner5_resample200,0.0483794210626988,5115.536487817764,nu,0.002,4.0,0.002,,3000.0,0.0005,2000.0,5.0,,100.0,1e-08,1e-10,200.0,1.0,4400.0,1.0524582474403903,,,,,,,,,,,,
burgers1d,fp32,0,,256,4,10000,800.0,800.0,3000,2000,6.142129223007942e-06,0.0520223304629325,694.5072250366211,/kaggle/working/results_exp_11_burgers1d_short_adam_long_lbfgs/runs/exp11_r005_nu0p005_adam3000_lbfgs5000_inner5_resample200_fp32_s0,burgers_long_lbfgs,adam3000_lbfgs5000_inner5_resample200,0.0478018335998058,694.5072250366211,nu,0.005,5.0,0.005,,3000.0,0.0005,2000.0,5.0,,100.0,1e-08,1e-10,200.0,1.0,3200.0,1.0882915266067097,,,,,,,,,,,,
burgers1d,fp64,0,,256,4,10000,800.0,800.0,3000,2000,3.0149808873281284e-06,0.05205925036943,5001.841319561005,/kaggle/working/results_exp_11_burgers1d_short_adam_long_lbfgs/runs/exp11_r006_nu0p005_adam3000_lbfgs5000_inner5_resample200_fp64_s0,burgers_long_lbfgs,adam3000_lbfgs5000_inner5_resample200,0.0519076759178343,5001.841319561005,nu,0.005,6.0,0.005,,3000.0,0.0005,2000.0,5.0,,100.0,1e-08,1e-10,200.0,1.0,3900.0,1.0029200777903375,,,,,,,,,,,,
helmholtz1d,fp32,0,"{'m': 5, 'lambda_val': 1.0}",128,4,5000,0.0,2.0,10000,1000,1.2645352853724037e-06,0.0001507458946434,180.73023962974548,runs/helmholtz_rs_m5_fp32_0,helmholtz_resample_sweep,helmholtz_resample_sweep,0.0001507458946434,180.73023962974548,m,5.0,,,,,,,,,,,,200.0,,10200.0,1.0,5.0,1.0,,,,,,,,,,
helmholtz1d,fp32,1,"{'m': 5, 'lambda_val': 1.0}",128,4,5000,0.0,2.0,10000,1000,3.3366245588695165e-07,0.0001494790485594,180.42691206932068,runs/helmholtz_rs_m5_fp32_1,helmholtz_resample_sweep,helmholtz_resample_sweep,0.0001494790485594,180.42691206932068,m,5.0,,,,,,,,,,,,200.0,,10200.0,1.0,5.0,1.0,,,,,,,,,,
helmholtz1d,fp64,0,"{'m': 5, 'lambda_val': 1.0}",128,4,5000,0.0,2.0,10000,1000,3.197181783933917e-07,0.0012781916212314,154.24301624298096,runs/helmholtz_rs_m5_fp64_0,helmholtz_resample_sweep,helmholtz_resample_sweep,0.0008974688928242,154.24301624298096,m,5.0,,,,,,,,,,,,200.0,,10100.0,1.424218300434956,5.0,1.0,,,,,,,,,,
helmholtz1d,fp64,1,"{'m': 5, 'lambda_val': 1.0}",128,4,5000,0.0,2.0,10000,1000,3.04418352979267e-07,5.777493379241883e-05,156.91302680969238,runs/helmholtz_rs_m5_fp64_1,helmholtz_resample_sweep,helmholtz_resample_sweep,5.777493379241883e-05,156.91302680969238,m,5.0,,,,,,,,,,,,200.0,,11000.0,1.0,5.0,1.0,,,,,,,,,,
helmholtz1d,fp32,0,"{'m': 6, 'lambda_val': 1.0}",128,4,5000,0.0,2.0,10000,1000,2.814587958255288e-07,8.179871656466275e-05,182.94811463356015,runs/helmholtz_rs_m6_fp32_0,helmholtz_resample_sweep,helmholtz_resample_sweep,8.179871656466275e-05,182.94811463356015,m,6.0,,,,,,,,,,,,200.0,,10200.0,1.0,6.0,1.0,,,,,,,,,,
helmholtz1d,fp32,1,"{'m': 6, 'lambda_val': 1.0}",128,4,5000,0.0,2.0,10000,1000,4.147877632476593e-07,0.0008209836669266,174.20927548408508,runs/helmholtz_rs_m6_fp32_1,helmholtz_resample_sweep,helmholtz_resample_sweep,0.0004539585206657,174.20927548408508,m,6.0,,,,,,,,,,,,200.0,,10400.0,1.8084993001620215,6.0,1.0,,,,,,,,,,
helmholtz1d,fp64,0,"{'m': 6, 'lambda_val': 1.0}",128,4,5000,0.0,2.0,10000,1000,6.50467185424241e-07,0.0018195574717574,160.21111488342285,runs/helmholtz_rs_m6_fp64_0,helmholtz_resample_sweep,helmholtz_resample_sweep,0.0002548418768011,160.21111488342285,m,6.0,,,,,,,,,,,,200.0,,10100.0,7.139946913738363,6.0,1.0,,,,,,,,,,
helmholtz1d,fp64,1,"{'m': 6, 'lambda_val': 1.0}",128,4,5000,0.0,2.0,10000,1000,4.218088724420478e-07,0.0007587241276229,165.78130435943604,runs/helmholtz_rs_m6_fp64_1,helmholtz_resample_sweep,helmholtz_resample_sweep,0.0007584813423114,165.78130435943604,m,6.0,,,,,,,,,,,,200.0,,10900.0,1.0003200939797918,6.0,1.0,,,,,,,,,,
helmholtz1d,fp32,0,"{'m': 7, 'lambda_val': 1.0}",128,4,5000,0.0,2.0,10000,1000,6.423001650546212e-07,0.0011489177122712,177.93128299713135,runs/helmholtz_rs_m7_fp32_0,helmholtz_resample_sweep,helmholtz_resample_sweep,0.0011489177122712,177.93128299713135,m,7.0,,,,,,,,,,,,200.0,,10400.0,1.0,7.0,1.0,,,,,,,,,,
helmholtz1d,fp32,1,"{'m': 7, 'lambda_val': 1.0}",128,4,5000,0.0,2.0,10000,1000,9.288816613661766e-07,0.0015475167892873,183.59991145133972,runs/helmholtz_rs_m7_fp32_1,helmholtz_resample_sweep,helmholtz_resample_sweep,0.0015475167892873,183.59991145133972,m,7.0,,,,,,,,,,,,200.0,,10200.0,1.0,7.0,1.0,,,,,,,,,,
helmholtz1d,fp64,0,"{'m': 7, 'lambda_val': 1.0}",128,4,5000,0.0,2.0,10000,1000,3.457391751871713e-07,0.00088429381023,163.7110526561737,runs/helmholtz_rs_m7_fp64_0,helmholtz_resample_sweep,helmholtz_resample_sweep,0.0006885345669491,163.7110526561737,m,7.0,,,,,,,,,,,,200.0,,10100.0,1.2843128764737937,7.0,1.0,,,,,,,,,,
helmholtz1d,fp64,1,"{'m': 7, 'lambda_val': 1.0}",128,4,5000,0.0,2.0,10000,1000,2.736700253212198e-07,0.0003403676079436,160.52083325386047,runs/helmholtz_rs_m7_fp64_1,helmholtz_resample_sweep,helmholtz_resample_sweep,0.0003402179803587,160.52083325386047,m,7.0,,,,,,,,,,,,200.0,,10300.0,1.0004397991686829,7.0,1.0,,,,,,,,,,
helmholtz1d,fp32,0,"{'m': 8, 'lambda_val': 1.0}",128,4,5000,0.0,2.0,10000,1000,5.426192046797951e-07,0.0021061119623482,180.25551104545593,runs/helmholtz_rs_m8_fp32_0,helmholtz_resample_sweep,helmholtz_resample_sweep,0.0013765438925474,180.25551104545593,m,8.0,,,,,,,,,,,,200.0,,10400.0,1.5299998596125883,8.0,1.0,,,,,,,,,,
helmholtz1d,fp32,1,"{'m': 8, 'lambda_val': 1.0}",128,4,5000,0.0,2.0,10000,1000,1.4345403087645536e-06,0.0036951485089957,181.6580166816711,runs/helmholtz_rs_m8_fp32_1,helmholtz_resample_sweep,helmholtz_resample_sweep,0.0036951485089957,181.6580166816711,m,8.0,,,,,,,,,,,,200.0,,10300.0,1.0,8.0,1.0,,,,,,,,,,
helmholtz1d,fp64,0,"{'m': 8, 'lambda_val': 1.0}",128,4,5000,0.0,2.0,10000,1000,7.365225484007258e-07,0.0017310368678821,159.59601426124573,runs/helmholtz_rs_m8_fp64_0,helmholtz_resample_sweep,helmholtz_resample_sweep,0.0011055835956741,159.59601426124573,m,8.0,,,,,,,,,,,,200.0,,10200.0,1.5657222797581465,8.0,1.0,,,,,,,,,,
helmholtz1d,fp64,1,"{'m': 8, 'lambda_val': 1.0}",128,4,5000,0.0,2.0,10000,1000,7.619053074466899e-07,0.0009883520224571,160.8095850944519,runs/helmholtz_rs_m8_fp64_1,helmholtz_resample_sweep,helmholtz_resample_sweep,0.0009721753027929,160.8095850944519,m,8.0,,,,,,,,,,,,200.0,,10200.0,1.0166397146870267,8.0,1.0,,,,,,,,,,
helmholtz1d,fp32,0,"{'m': 9, 'lambda_val': 1.0}",128,4,5000,0.0,2.0,10000,1000,1.0759374617919093e-06,0.0048529859632253,170.21112036705017,runs/helmholtz_rs_m9_fp32_0,helmholtz_resample_sweep,helmholtz_resample_sweep,0.0016469532856717,170.21112036705017,m,9.0,,,,,,,,,,,,200.0,,10300.0,2.946644574224153,9.0,1.0,,,,,,,,,,
helmholtz1d,fp32,1,"{'m': 9, 'lambda_val': 1.0}",128,4,5000,0.0,2.0,10000,1000,5.141197334523895e-07,0.0007509972783736,168.85747528076172,runs/helmholtz_rs_m9_fp32_1,helmholtz_resample_sweep,helmholtz_resample_sweep,0.0004719910793937,168.85747528076172,m,9.0,,,,,,,,,,,,200.0,,10400.0,1.591126000386003,9.0,1.0,,,,,,,,,,
helmholtz1d,fp64,0,"{'m': 9, 'lambda_val': 1.0}",128,4,5000,0.0,2.0,10000,1000,6.199986246711347e-07,0.0012918134921671,159.8447551727295,runs/helmholtz_rs_m9_fp64_0,helmholtz_resample_sweep,helmholtz_resample_sweep,0.0012918134921671,159.8447551727295,m,9.0,,,,,,,,,,,,200.0,,11000.0,1.0,9.0,1.0,,,,,,,,,,
helmholtz1d,fp64,1,"{'m': 9, 'lambda_val': 1.0}",128,4,5000,0.0,2.0,10000,1000,7.177348344162633e-07,0.0006658091503851,160.53047513961792,runs/helmholtz_rs_m9_fp64_1,helmholtz_resample_sweep,helmholtz_resample_sweep,0.0005594160001707,160.53047513961792,m,9.0,,,,,,,,,,,,200.0,,10300.0,1.1901861051201978,9.0,1.0,,,,,,,,,,
helmholtz1d,fp32,0,"{'m': 10, 'lambda_val': 1.0}",128,4,5000,0.0,2.0,10000,1000,4.252362373335927e-07,0.0019662689883261,159.14609813690186,runs/helmholtz_rs_m10_fp32_0,helmholtz_resample_sweep,helmholtz_resample_sweep,0.0019662689883261,159.14609813690186,m,10.0,,,,,,,,,,,,200.0,,11000.0,1.0,10.0,1.0,,,,,,,,,,
helmholtz1d,fp32,1,"{'m': 10, 'lambda_val': 1.0}",128,4,5000,0.0,2.0,10000,1000,1.3834934406986577e-06,0.0034589010756462,171.23013138771057,runs/helmholtz_rs_m10_fp32_1,helmholtz_resample_sweep,helmholtz_resample_sweep,0.0012300387024879,171.23013138771057,m,10.0,,,,,,,,,,,,200.0,,10500.0,2.812026214012708,10.0,1.0,,,,,,,,,,
helmholtz1d,fp64,0,"{'m': 10, 'lambda_val': 1.0}",128,4,5000,0.0,2.0,10000,1000,1.25153565742175e-06,0.0020911461693729,158.85188603401184,runs/helmholtz_rs_m10_fp64_0,helmholtz_resample_sweep,helmholtz_resample_sweep,0.0020277565836407,158.85188603401184,m,10.0,,,,,,,,,,,,200.0,,10500.0,1.0312609443577092,10.0,1.0,,,,,,,,,,
helmholtz1d,fp64,1,"{'m': 10, 'lambda_val': 1.0}",128,4,5000,0.0,2.0,10000,1000,1.2296393745746106e-06,0.0039794479330183,159.37508082389832,runs/helmholtz_rs_m10_fp64_1,helmholtz_resample_sweep,helmholtz_resample_sweep,0.0039794479330183,159.37508082389832,m,10.0,,,,,,,,,,,,200.0,,11000.0,1.0,10.0,1.0,,,,,,,,,,
helmholtz1d,fp32,0,"{'m': 11, 'lambda_val': 1.0}",128,4,5000,0.0,2.0,10000,1000,8.970238809524744e-07,0.0011448074365034,159.89290189743042,runs/helmholtz_rs_m11_fp32_0,helmholtz_resample_sweep,helmholtz_resample_sweep,0.0011448074365034,159.89290189743042,m,11.0,,,,,,,,,,,,200.0,,11000.0,1.0,11.0,1.0,,,,,,,,,,
helmholtz1d,fp32,1,"{'m': 11, 'lambda_val': 1.0}",128,4,5000,0.0,2.0,10000,1000,1.4389619309440604e-06,0.0095989126712083,159.13887071609497,runs/helmholtz_rs_m11_fp32_1,helmholtz_resample_sweep,helmholtz_resample_sweep,0.0026664256583899,159.13887071609497,m,11.0,,,,,,,,,,,,200.0,,10400.0,3.599917605430078,11.0,1.0,,,,,,,,,,
helmholtz1d,fp64,0,"{'m': 11, 'lambda_val': 1.0}",128,4,5000,0.0,2.0,10000,1000,5.510830197137646e-07,0.0016836553939764,159.17224097251892,runs/helmholtz_rs_m11_fp64_0,helmholtz_resample_sweep,helmholtz_resample_sweep,0.0002883292436591,159.17224097251892,m,11.0,,,,,,,,,,,,200.0,,10600.0,5.839350086759301,11.0,1.0,,,,,,,,,,
helmholtz1d,fp64,1,"{'m': 11, 'lambda_val': 1.0}",128,4,5000,0.0,2.0,10000,1000,3.654940713432518e-07,0.0016855534763384,159.3018307685852,runs/helmholtz_rs_m11_fp64_1,helmholtz_resample_sweep,helmholtz_resample_sweep,0.0016783239288326,159.3018307685852,m,11.0,,,,,,,,,,,,200.0,,10900.0,1.0043075996126622,11.0,1.0,,,,,,,,,,
helmholtz1d,fp32,0,"{'m': 12, 'lambda_val': 1.0}",128,4,5000,0.0,2.0,10000,1000,9.185399107991544e-07,0.0053158872760832,161.2284917831421,runs/helmholtz_rs_m12_fp32_0,helmholtz_resample_sweep,helmholtz_resample_sweep,0.0019692897330969,161.2284917831421,m,12.0,,,,,,,,,,,,200.0,,10900.0,2.699393180567354,12.0,1.0,,,,,,,,,,
helmholtz1d,fp32,1,"{'m': 12, 'lambda_val': 1.0}",128,4,5000,0.0,2.0,10000,1000,1.3060177934676176e-06,0.0026992599014192,159.5204951763153,runs/helmholtz_rs_m12_fp32_1,helmholtz_resample_sweep,helmholtz_resample_sweep,0.0023505755234509,159.5204951763153,m,12.0,,,,,,,,,,,,200.0,,10500.0,1.148340002050389,12.0,1.0,,,,,,,,,,
helmholtz1d,fp64,0,"{'m': 12, 'lambda_val': 1.0}",128,4,5000,0.0,2.0,10000,1000,6.786523566995884e-07,0.0026630288648884,161.14418697357178,runs/helmholtz_rs_m12_fp64_0,helmholtz_resample_sweep,helmholtz_resample_sweep,0.0006387098016489,161.14418697357178,m,12.0,,,,,,,,,,,,200.0,,10900.0,4.169387815896175,12.0,1.0,,,,,,,,,,
helmholtz1d,fp64,1,"{'m': 12, 'lambda_val': 1.0}",128,4,5000,0.0,2.0,10000,1000,3.6796629645012426e-07,0.0010292677215371,161.41834259033203,runs/helmholtz_rs_m12_fp64_1,helmholtz_resample_sweep,helmholtz_resample_sweep,0.0010292677215371,161.41834259033203,m,12.0,,,,,,,,,,,,200.0,,11000.0,1.0,12.0,1.0,,,,,,,,,,
helmholtz1d,fp32,0,,128,4,5000,,,10000,1000,9.212950544679188e-07,0.0022322519216686,127.70034313201904,results_exp_9_helmholtz1d_large_lbfgs/runs/exp9_r001_m8_resample_proven_128_fp32_s0,helmholtz_large_lbfgs,resample_proven_128,0.0022322519216686,127.70034313201904,m,8.0,1.0,,,10000.0,0.0005,1000.0,1.0,,50.0,1e-08,1e-09,200.0,1.0,10200.0,1.0,8.0,,,False,1.0,,,,,,,
helmholtz1d,fp64,0,,128,4,5000,,,10000,1000,1.7426919943344067e-06,0.0010758262542644,128.07416677474976,results_exp_9_helmholtz1d_large_lbfgs/runs/exp9_r002_m8_resample_proven_128_fp64_s0,helmholtz_large_lbfgs,resample_proven_128,0.0010758262542644,128.07416677474976,m,8.0,2.0,,,10000.0,0.0005,1000.0,1.0,,50.0,1e-08,1e-09,200.0,1.0,10300.0,1.0,8.0,,,False,1.0,,,,,,,
helmholtz1d,fp32,0,,256,3,5000,,,8000,1000,0.0009372237254865,0.2373065054416656,122.66413736343384,results_exp_9_helmholtz1d_large_lbfgs/runs/exp9_r003_m8_resample_wide_256_fp32_s0,helmholtz_large_lbfgs,resample_wide_256,0.2373065054416656,122.66413736343384,m,8.0,3.0,,1.0,8000.0,0.0005,1000.0,3.0,,50.0,1e-08,1e-09,200.0,1.0,9000.0,1.0,8.0,,,False,1.0,,,,,,,
helmholtz1d,fp64,0,,256,3,5000,,,8000,1000,0.1332994085124055,2.205890885713629,147.1932294368744,results_exp_9_helmholtz1d_large_lbfgs/runs/exp9_r004_m8_resample_wide_256_fp64_s0,helmholtz_large_lbfgs,resample_wide_256,0.9991073065903948,147.1932294368744,m,8.0,4.0,,1.0,8000.0,0.0005,1000.0,3.0,,50.0,1e-08,1e-09,200.0,1.0,4600.0,2.207861829418069,8.0,,,False,1.0,,,,,,,
helmholtz1d,fp32,0,,128,4,5000,,,10000,1000,1.3776952982880175e-06,0.0186685994267463,139.69180274009705,results_exp_9_helmholtz1d_large_lbfgs/runs/exp9_r005_m12_resample_proven_128_fp32_s0,helmholtz_large_lbfgs,resample_proven_128,0.0186685994267463,139.69180274009705,m,12.0,5.0,,,10000.0,0.0005,1000.0,1.0,,50.0,1e-08,1e-09,200.0,1.0,11000.0,1.0,12.0,,,False,1.0,,,,,,,
helmholtz1d,fp64,0,,128,4,5000,,,10000,1000,2.030532768650081e-06,0.0030846842445477,139.5144064426422,results_exp_9_helmholtz1d_large_lbfgs/runs/exp9_r006_m12_resample_proven_128_fp64_s0,helmholtz_large_lbfgs,resample_proven_128,0.0030846842445477,139.5144064426422,m,12.0,6.0,,,10000.0,0.0005,1000.0,1.0,,50.0,1e-08,1e-09,200.0,1.0,11000.0,1.0,12.0,,,False,1.0,,,,,,,
helmholtz1d,fp32,0,,256,3,5000,,,8000,1000,0.5016689300537109,1.0000007152557373,196.79501867294312,results_exp_9_helmholtz1d_large_lbfgs/runs/exp9_r007_m12_resample_wide_256_fp32_s0,helmholtz_large_lbfgs,resample_wide_256,0.9996394515037536,196.79501867294312,m,12.0,7.0,,1.0,8000.0,0.0005,1000.0,3.0,,50.0,1e-08,1e-09,200.0,1.0,2600.0,1.0003613940520657,12.0,,,False,1.0,,,,,,,
helmholtz1d,fp64,0,,256,3,5000,,,8000,1000,0.5021591008449703,1.0000014776554678,101.71176409721376,results_exp_9_helmholtz1d_large_lbfgs/runs/exp9_r008_m12_resample_wide_256_fp64_s0,helmholtz_large_lbfgs,resample_wide_256,0.9992590815203,101.71176409721376,m,12.0,8.0,,1.0,8000.0,0.0005,1000.0,3.0,,50.0,1e-08,1e-09,200.0,1.0,4700.0,1.0007429465980318,12.0,,,False,1.0,,,,,,,
helmholtz1d,fp32,0,"{'m': 10, 'lambda_val': 1.0, 'hard_bc': False, 'bc_weight': 1.0}",192,4,8000,0.0,2.0,5000,1000,6.637529850195278e-07,0.0035879830829799,217.91756987571716,/kaggle/working/results_exp_16_helmholtz1d_exploded_inner10/runs/exp16_r001_m10_width192_adam5e4_lbfgs1_steps1000_inner10_resample250_fp32_s0,helmholtz_inner10,width192_adam5e4_lbfgs1_steps1000_inner10_resample250,0.0035879830829799,217.91756987571716,m,10.0,1.0,,,,0.0005,,10.0,,,,,250.0,1.0,,,10.0,1.0,,False,1.0,exp16_r001_m10_width192_adam5e4_lbfgs1_steps1000_inner10_resample250_fp32_s0,adam5e4,lbfgs1,,,,
helmholtz1d,fp64,0,"{'m': 10, 'lambda_val': 1.0, 'hard_bc': False, 'bc_weight': 1.0}",192,4,8000,0.0,2.0,5000,1000,4.517522378750825e-07,0.0004545846478039,2348.976495027542,/kaggle/working/results_exp_16_helmholtz1d_exploded_inner10/runs/exp16_r002_m10_width192_adam5e4_lbfgs1_steps1000_inner10_resample250_fp64_s0,helmholtz_inner10,width192_adam5e4_lbfgs1_steps1000_inner10_resample250,0.0004545846478039,2348.976495027542,m,10.0,2.0,,,,0.0005,,10.0,,,,,250.0,1.0,,,10.0,1.0,,False,1.0,exp16_r002_m10_width192_adam5e4_lbfgs1_steps1000_inner10_resample250_fp64_s0,adam5e4,lbfgs1,,,,
helmholtz1d,fp32,0,"{'m': 10, 'lambda_val': 1.0, 'hard_bc': False, 'bc_weight': 1.0}",192,4,8000,0.0,2.0,5000,1000,8.826701218822564e-07,0.0034369314089417,201.71348094940183,/kaggle/working/results_exp_16_helmholtz1d_exploded_inner10/runs/exp16_r003_m10_width192_adam5e4_lbfgs05_steps1000_inner10_resample250_fp32_s0,helmholtz_inner10,width192_adam5e4_lbfgs05_steps1000_inner10_resample250,0.0034369314089417,201.71348094940183,m,10.0,3.0,,,,0.0005,,10.0,,,,,250.0,0.5,,,10.0,1.0,,False,1.0,exp16_r003_m10_width192_adam5e4_lbfgs05_steps1000_inner10_resample250_fp32_s0,adam5e4,lbfgs05,,,,
helmholtz1d,fp64,0,"{'m': 10, 'lambda_val': 1.0, 'hard_bc': False, 'bc_weight': 1.0}",192,4,8000,0.0,2.0,5000,1000,2.876793346280932e-07,0.0103625617814471,1162.946890115738,/kaggle/working/results_exp_16_helmholtz1d_exploded_inner10/runs/exp16_r004_m10_width192_adam5e4_lbfgs05_steps1000_inner10_resample250_fp64_s0,helmholtz_inner10,width192_adam5e4_lbfgs05_steps1000_inner10_resample250,0.0025258841433677,1162.946890115738,m,10.0,4.0,,,,0.0005,,10.0,,,,,250.0,0.5,,,10.0,1.0,,False,1.0,exp16_r004_m10_width192_adam5e4_lbfgs05_steps1000_inner10_resample250_fp64_s0,adam5e4,lbfgs05,,,,
helmholtz1d,fp32,0,"{'m': 10, 'lambda_val': 1.0, 'hard_bc': False, 'bc_weight': 1.0}",192,4,8000,0.0,2.0,5000,1000,6.1496359649027e-07,0.0010800919262692,239.82848525047305,/kaggle/working/results_exp_16_helmholtz1d_exploded_inner10/runs/exp16_r005_m10_width192_adam2e4_lbfgs1_steps1000_inner10_resample250_fp32_s0,helmholtz_inner10,width192_adam2e4_lbfgs1_steps1000_inner10_resample250,0.0010800919262692,239.82848525047305,m,10.0,5.0,,,,0.0002,,10.0,,,,,250.0,1.0,,,10.0,1.0,,False,1.0,exp16_r005_m10_width192_adam2e4_lbfgs1_steps1000_inner10_resample250_fp32_s0,adam2e4,lbfgs1,,,,
helmholtz1d,fp64,0,"{'m': 10, 'lambda_val': 1.0, 'hard_bc': False, 'bc_weight': 1.0}",192,4,8000,0.0,2.0,5000,1000,2.884964398586137e-07,0.0008971112197284,2334.76327753067,/kaggle/working/results_exp_16_helmholtz1d_exploded_inner10/runs/exp16_r006_m10_width192_adam2e4_lbfgs1_steps1000_inner10_resample250_fp64_s0,helmholtz_inner10,width192_adam2e4_lbfgs1_steps1000_inner10_resample250,0.0004881865048243,2334.76327753067,m,10.0,6.0,,,,0.0002,,10.0,,,,,250.0,1.0,,,10.0,1.0,,False,1.0,exp16_r006_m10_width192_adam2e4_lbfgs1_steps1000_inner10_resample250_fp64_s0,adam2e4,lbfgs1,,,,
helmholtz1d,fp32,0,"{'m': 10, 'lambda_val': 1.0, 'hard_bc': False, 'bc_weight': 1.0}",192,4,8000,0.0,2.0,5000,1000,8.629636454315914e-07,0.0020944373682141,236.48090600967407,/kaggle/working/results_exp_16_helmholtz1d_exploded_inner10/runs/exp16_r007_m10_width192_adam2e4_lbfgs05_steps1000_inner10_resample250_fp32_s0,helmholtz_inner10,width192_adam2e4_lbfgs05_steps1000_inner10_resample250,0.000743078882806,236.48090600967407,m,10.0,7.0,,,,0.0002,,10.0,,,,,250.0,0.5,,,10.0,1.0,,False,1.0,exp16_r007_m10_width192_adam2e4_lbfgs05_steps1000_inner10_resample250_fp32_s0,adam2e4,lbfgs05,,,,
helmholtz1d,fp64,0,"{'m': 10, 'lambda_val': 1.0, 'hard_bc': False, 'bc_weight': 1.0}",192,4,8000,0.0,2.0,5000,1000,1.2952698612448342e-07,0.0017108366338082,1659.2657091617584,/kaggle/working/results_exp_16_helmholtz1d_exploded_inner10/runs/exp16_r008_m10_width192_adam2e4_lbfgs05_steps1000_inner10_resample250_fp64_s0,helmholtz_inner10,width192_adam2e4_lbfgs05_steps1000_inner10_resample250,0.0017108366338082,1659.2657091617584,m,10.0,8.0,,,,0.0002,,10.0,,,,,250.0,0.5,,,10.0,1.0,,False,1.0,exp16_r008_m10_width192_adam2e4_lbfgs05_steps1000_inner10_resample250_fp64_s0,adam2e4,lbfgs05,,,,
helmholtz1d,fp32,0,"{'m': 10, 'lambda_val': 1.0, 'hard_bc': False, 'bc_weight': 1.0}",192,4,8000,0.0,2.0,5000,1000,1.0904811915679602e-06,0.0042583378963172,233.3694009780884,/kaggle/working/results_exp_16_helmholtz1d_exploded_inner10/runs/exp16_r009_m10_width192_adam1e4_lbfgs1_steps1000_inner10_resample250_fp32_s0,helmholtz_inner10,width192_adam1e4_lbfgs1_steps1000_inner10_resample250,0.0042583378963172,233.3694009780884,m,10.0,9.0,,,,0.0001,,10.0,,,,,250.0,1.0,,,10.0,1.0,,False,1.0,exp16_r009_m10_width192_adam1e4_lbfgs1_steps1000_inner10_resample250_fp32_s0,adam1e4,lbfgs1,,,,
helmholtz1d,fp64,0,"{'m': 10, 'lambda_val': 1.0, 'hard_bc': False, 'bc_weight': 1.0}",192,4,8000,0.0,2.0,5000,1000,2.972753657203504e-07,0.0045373991299425,2331.5144913196564,/kaggle/working/results_exp_16_helmholtz1d_exploded_inner10/runs/exp16_r010_m10_width192_adam1e4_lbfgs1_steps1000_inner10_resample250_fp64_s0,helmholtz_inner10,width192_adam1e4_lbfgs1_steps1000_inner10_resample250,0.0017293850808818,2331.5144913196564,m,10.0,10.0,,,,0.0001,,10.0,,,,,250.0,1.0,,,10.0,1.0,,False,1.0,exp16_r010_m10_width192_adam1e4_lbfgs1_steps1000_inner10_resample250_fp64_s0,adam1e4,lbfgs1,,,,
helmholtz1d,fp32,0,"{'m': 10, 'lambda_val': 1.0, 'hard_bc': False, 'bc_weight': 1.0}",192,4,8000,0.0,2.0,5000,1000,1.0251779940517736e-06,0.0020273081026971,232.1364152431488,/kaggle/working/results_exp_16_helmholtz1d_exploded_inner10/runs/exp16_r011_m10_width192_adam1e4_lbfgs05_steps1000_inner10_resample250_fp32_s0,helmholtz_inner10,width192_adam1e4_lbfgs05_steps1000_inner10_resample250,0.0020273081026971,232.1364152431488,m,10.0,11.0,,,,0.0001,,10.0,,,,,250.0,0.5,,,10.0,1.0,,False,1.0,exp16_r011_m10_width192_adam1e4_lbfgs05_steps1000_inner10_resample250_fp32_s0,adam1e4,lbfgs05,,,,
helmholtz1d,fp64,0,"{'m': 10, 'lambda_val': 1.0, 'hard_bc': False, 'bc_weight': 1.0}",192,4,8000,0.0,2.0,5000,1000,1.968490737754109e-07,0.0031373256013443,1135.7603976726532,/kaggle/working/results_exp_16_helmholtz1d_exploded_inner10/runs/exp16_r012_m10_width192_adam1e4_lbfgs05_steps1000_inner10_resample250_fp64_s0,helmholtz_inner10,width192_adam1e4_lbfgs05_steps1000_inner10_resample250,0.0031373256013443,1135.7603976726532,m,10.0,12.0,,,,0.0001,,10.0,,,,,250.0,0.5,,,10.0,1.0,,False,1.0,exp16_r012_m10_width192_adam1e4_lbfgs05_steps1000_inner10_resample250_fp64_s0,adam1e4,lbfgs05,,,,
helmholtz1d,fp32,0,"{'m': 12, 'lambda_val': 1.0, 'hard_bc': False, 'bc_weight': 1.0}",128,4,8000,0.0,2.0,5000,1000,1.2457712728064507e-06,0.0192516539245843,171.96420979499817,/kaggle/working/results_exp_16_helmholtz1d_exploded_inner10/runs/exp16_r013_m12_width128_adam5e4_lbfgs1_steps1000_inner10_resample250_fp32_s0,helmholtz_inner10,width128_adam5e4_lbfgs1_steps1000_inner10_resample250,0.0192516539245843,171.96420979499817,m,12.0,13.0,,,,0.0005,,10.0,,,,,250.0,1.0,,,12.0,1.0,,False,1.0,exp16_r013_m12_width128_adam5e4_lbfgs1_steps1000_inner10_resample250_fp32_s0,adam5e4,lbfgs1,,,,
helmholtz1d,fp64,0,"{'m': 12, 'lambda_val': 1.0, 'hard_bc': False, 'bc_weight': 1.0}",128,4,8000,0.0,2.0,5000,1000,9.863767282737376e-07,0.0022187468437881,1111.5089881420135,/kaggle/working/results_exp_16_helmholtz1d_exploded_inner10/runs/exp16_r014_m12_width128_adam5e4_lbfgs1_steps1000_inner10_resample250_fp64_s0,helmholtz_inner10,width128_adam5e4_lbfgs1_steps1000_inner10_resample250,0.001540316022811,1111.5089881420135,m,12.0,14.0,,,,0.0005,,10.0,,,,,250.0,1.0,,,12.0,1.0,,False,1.0,exp16_r014_m12_width128_adam5e4_lbfgs1_steps1000_inner10_resample250_fp64_s0,adam5e4,lbfgs1,,,,
helmholtz1d,fp32,0,"{'m': 12, 'lambda_val': 1.0, 'hard_bc': False, 'bc_weight': 1.0}",128,4,8000,0.0,2.0,5000,1000,1.5165143167905626e-06,0.0041363453492522,180.58161401748657,/kaggle/working/results_exp_16_helmholtz1d_exploded_inner10/runs/exp16_r015_m12_width128_adam5e4_lbfgs05_steps1000_inner10_resample250_fp32_s0,helmholtz_inner10,width128_adam5e4_lbfgs05_steps1000_inner10_resample250,0.0041363453492522,180.58161401748657,m,12.0,15.0,,,,0.0005,,10.0,,,,,250.0,0.5,,,12.0,1.0,,False,1.0,exp16_r015_m12_width128_adam5e4_lbfgs05_steps1000_inner10_resample250_fp32_s0,adam5e4,lbfgs05,,,,
helmholtz1d,fp64,0,"{'m': 12, 'lambda_val': 1.0, 'hard_bc': False, 'bc_weight': 1.0}",128,4,8000,0.0,2.0,5000,1000,3.168432028297442e-07,0.0004848110103655,962.5384855270386,/kaggle/working/results_exp_16_helmholtz1d_exploded_inner10/runs/exp16_r016_m12_width128_adam5e4_lbfgs05_steps1000_inner10_resample250_fp64_s0,helmholtz_inner10,width128_adam5e4_lbfgs05_steps1000_inner10_resample250,0.0001698858408164,962.5384855270386,m,12.0,16.0,,,,0.0005,,10.0,,,,,250.0,0.5,,,12.0,1.0,,False,1.0,exp16_r016_m12_width128_adam5e4_lbfgs05_steps1000_inner10_resample250_fp64_s0,adam5e4,lbfgs05,,,,
helmholtz1d,fp32,0,"{'m': 12, 'lambda_val': 1.0, 'hard_bc': False, 'bc_weight': 1.0}",128,4,8000,0.0,2.0,5000,1000,2.1664560335921124e-05,0.0560470409691333,208.7237946987152,/kaggle/working/results_exp_16_helmholtz1d_exploded_inner10/runs/exp16_r017_m12_width128_adam2e4_lbfgs1_steps1000_inner10_resample250_fp32_s0,helmholtz_inner10,width128_adam2e4_lbfgs1_steps1000_inner10_resample250,0.0560470409691333,208.7237946987152,m,12.0,17.0,,,,0.0002,,10.0,,,,,250.0,1.0,,,12.0,1.0,,False,1.0,exp16_r017_m12_width128_adam2e4_lbfgs1_steps1000_inner10_resample250_fp32_s0,adam2e4,lbfgs1,,,,
helmholtz1d,fp64,0,"{'m': 12, 'lambda_val': 1.0, 'hard_bc': False, 'bc_weight': 1.0}",128,4,8000,0.0,2.0,5000,1000,5.793102148362963e-07,0.0056732874162939,1208.9829967021942,/kaggle/working/results_exp_16_helmholtz1d_exploded_inner10/runs/exp16_r018_m12_width128_adam2e4_lbfgs1_steps1000_inner10_resample250_fp64_s0,helmholtz_inner10,width128_adam2e4_lbfgs1_steps1000_inner10_resample250,0.0056520248669627,1208.9829967021942,m,12.0,18.0,,,,0.0002,,10.0,,,,,250.0,1.0,,,12.0,1.0,,False,1.0,exp16_r018_m12_width128_adam2e4_lbfgs1_steps1000_inner10_resample250_fp64_s0,adam2e4,lbfgs1,,,,
helmholtz1d,fp32,0,"{'m': 12, 'lambda_val': 1.0, 'hard_bc': False, 'bc_weight': 1.0}",128,4,8000,0.0,2.0,5000,1000,2.5625937269069254e-05,0.0449693091213703,196.8427906036377,/kaggle/working/results_exp_16_helmholtz1d_exploded_inner10/runs/exp16_r019_m12_width128_adam2e4_lbfgs05_steps1000_inner10_resample250_fp32_s0,helmholtz_inner10,width128_adam2e4_lbfgs05_steps1000_inner10_resample250,0.0449693091213703,196.8427906036377,m,12.0,19.0,,,,0.0002,,10.0,,,,,250.0,0.5,,,12.0,1.0,,False,1.0,exp16_r019_m12_width128_adam2e4_lbfgs05_steps1000_inner10_resample250_fp32_s0,adam2e4,lbfgs05,,,,
helmholtz1d,fp64,0,"{'m': 12, 'lambda_val': 1.0, 'hard_bc': False, 'bc_weight': 1.0}",128,4,8000,0.0,2.0,5000,1000,6.80110414245509e-07,0.0074743191822439,1214.99245262146,/kaggle/working/results_exp_16_helmholtz1d_exploded_inner10/runs/exp16_r020_m12_width128_adam2e4_lbfgs05_steps1000_inner10_resample250_fp64_s0,helmholtz_inner10,width128_adam2e4_lbfgs05_steps1000_inner10_resample250,0.0074743191822439,1214.99245262146,m,12.0,20.0,,,,0.0002,,10.0,,,,,250.0,0.5,,,12.0,1.0,,False,1.0,exp16_r020_m12_width128_adam2e4_lbfgs05_steps1000_inner10_resample250_fp64_s0,adam2e4,lbfgs05,,,,
helmholtz1d,fp32,0,"{'m': 12, 'lambda_val': 1.0, 'hard_bc': False, 'bc_weight': 1.0}",128,4,8000,0.0,2.0,5000,1000,5.766022695752326e-06,0.0136220986023545,190.59286975860596,/kaggle/working/results_exp_16_helmholtz1d_exploded_inner10/runs/exp16_r021_m12_width128_adam1e4_lbfgs1_steps1000_inner10_resample250_fp32_s0,helmholtz_inner10,width128_adam1e4_lbfgs1_steps1000_inner10_resample250,0.0136220986023545,190.59286975860596,m,12.0,21.0,,,,0.0001,,10.0,,,,,250.0,1.0,,,12.0,1.0,,False,1.0,exp16_r021_m12_width128_adam1e4_lbfgs1_steps1000_inner10_resample250_fp32_s0,adam1e4,lbfgs1,,,,
helmholtz1d,fp64,0,"{'m': 12, 'lambda_val': 1.0, 'hard_bc': False, 'bc_weight': 1.0}",128,4,8000,0.0,2.0,5000,1000,4.515088505584322e-07,0.0006440133369841,1219.9605793952942,/kaggle/working/results_exp_16_helmholtz1d_exploded_inner10/runs/exp16_r022_m12_width128_adam1e4_lbfgs1_steps1000_inner10_resample250_fp64_s0,helmholtz_inner10,width128_adam1e4_lbfgs1_steps1000_inner10_resample250,0.0003458913456201,1219.9605793952942,m,12.0,22.0,,,,0.0001,,10.0,,,,,250.0,1.0,,,12.0,1.0,,False,1.0,exp16_r022_m12_width128_adam1e4_lbfgs1_steps1000_inner10_resample250_fp64_s0,adam1e4,lbfgs1,,,,
helmholtz1d,fp32,0,"{'m': 12, 'lambda_val': 1.0, 'hard_bc': False, 'bc_weight': 1.0}",128,4,8000,0.0,2.0,5000,1000,8.408235771639738e-06,0.0882605835795402,174.48082184791565,/kaggle/working/results_exp_16_helmholtz1d_exploded_inner10/runs/exp16_r023_m12_width128_adam1e4_lbfgs05_steps1000_inner10_resample250_fp32_s0,helmholtz_inner10,width128_adam1e4_lbfgs05_steps1000_inner10_resample250,0.0882605835795402,174.48082184791565,m,12.0,23.0,,,,0.0001,,10.0,,,,,250.0,0.5,,,12.0,1.0,,False,1.0,exp16_r023_m12_width128_adam1e4_lbfgs05_steps1000_inner10_resample250_fp32_s0,adam1e4,lbfgs05,,,,
helmholtz1d,fp64,0,"{'m': 12, 'lambda_val': 1.0, 'hard_bc': False, 'bc_weight': 1.0}",128,4,8000,0.0,2.0,5000,1000,5.799285278273165e-07,0.0029755990254821,985.8151581287384,/kaggle/working/results_exp_16_helmholtz1d_exploded_inner10/runs/exp16_r024_m12_width128_adam1e4_lbfgs05_steps1000_inner10_resample250_fp64_s0,helmholtz_inner10,width128_adam1e4_lbfgs05_steps1000_inner10_resample250,0.0024585988389089,985.8151581287384,m,12.0,24.0,,,,0.0001,,10.0,,,,,250.0,0.5,,,12.0,1.0,,False,1.0,exp16_r024_m12_width128_adam1e4_lbfgs05_steps1000_inner10_resample250_fp64_s0,adam1e4,lbfgs05,,,,
burgers1d,fp32,0,0.001,256,4,10000,800.0,800.0,3000,2000,4.886480382992886e-05,0.0409742221236228,496.6735517978668,final/runs/run001_burgers1d_burgers_more_points_nu0p001_fp32_s0,final_results,burgers_more_points,0.0407769866287708,496.6735517978668,nu,0.001,1.0,0.001,1.0,,5e-05,,5.0,,100.0,1e-08,1e-10,200.0,0.5,4700.0,,,,,,,run001_burgers1d_burgers_more_points_nu0p001_fp32_s0,,,strong_wolfe,,,
burgers1d,fp32,1,0.001,256,4,10000,800.0,800.0,3000,2000,0.0008025027927942,0.1514238268136978,508.3344113826752,final/runs/run002_burgers1d_burgers_more_points_nu0p001_fp32_s1,final_results,burgers_more_points,0.1489138305187225,508.3344113826752,nu,0.001,2.0,0.001,1.0,,5e-05,,5.0,,100.0,1e-08,1e-10,200.0,0.5,4100.0,,,,,,,run002_burgers1d_burgers_more_points_nu0p001_fp32_s1,,,strong_wolfe,,,
burgers1d,fp64,0,0.001,256,4,10000,800.0,800.0,3000,2000,0.000432482598135,0.1767487376458574,663.1497232913971,final/runs/run003_burgers1d_burgers_more_points_nu0p001_fp64_s0,final_results,burgers_more_points,0.1767487376458574,663.1497232913971,nu,0.001,3.0,0.001,1.0,,5e-05,,5.0,,100.0,1e-08,1e-10,200.0,0.5,5000.0,,,,,,,run003_burgers1d_burgers_more_points_nu0p001_fp64_s0,,,strong_wolfe,,,
burgers1d,fp64,1,0.001,256,4,10000,800.0,800.0,3000,2000,8.235627240862485e-05,0.1672508094072123,664.3206193447113,final/runs/run004_burgers1d_burgers_more_points_nu0p001_fp64_s1,final_results,burgers_more_points,0.1631894613386934,664.3206193447113,nu,0.001,4.0,0.001,1.0,,5e-05,,5.0,,100.0,1e-08,1e-10,200.0,0.5,4300.0,,,,,,,run004_burgers1d_burgers_more_points_nu0p001_fp64_s1,,,strong_wolfe,,,
burgers1d,fp16,0,0.001,256,4,10000,800.0,800.0,3000,2000,,,823.5590693950653,final/runs/run005_burgers1d_burgers_more_points_nu0p001_fp16_s0,final_results,burgers_more_points,,823.5590693950653,nu,0.001,5.0,0.001,1.0,,5e-05,,5.0,,100.0,1e-08,1e-10,200.0,0.5,,,,,,,,run005_burgers1d_burgers_more_points_nu0p001_fp16_s0,,,strong_wolfe,,,
burgers1d,fp16,1,0.001,256,4,10000,800.0,800.0,3000,2000,,,827.8239800930023,final/runs/run006_burgers1d_burgers_more_points_nu0p001_fp16_s1,final_results,burgers_more_points,,827.8239800930023,nu,0.001,6.0,0.001,1.0,,5e-05,,5.0,,100.0,1e-08,1e-10,200.0,0.5,,,,,,,,run006_burgers1d_burgers_more_points_nu0p001_fp16_s1,,,strong_wolfe,,,
burgers1d,fp32,0,0.002,256,4,10000,800.0,800.0,3000,2000,7.926668331492692e-05,0.0505554936826229,440.5376071929931,final/runs/run007_burgers1d_burgers_more_points_nu0p002_fp32_s0,final_results,burgers_more_points,0.050356313586235,440.5376071929931,nu,0.002,7.0,0.002,1.0,,5e-05,,5.0,,100.0,1e-08,1e-10,200.0,0.5,4200.0,,,,,,,run007_burgers1d_burgers_more_points_nu0p002_fp32_s0,,,strong_wolfe,,,
burgers1d,fp32,1,0.002,256,4,10000,800.0,800.0,3000,2000,2.1064146494609304e-05,0.0503759570419788,494.51091623306274,final/runs/run008_burgers1d_burgers_more_points_nu0p002_fp32_s1,final_results,burgers_more_points,0.0472011193633079,494.51091623306274,nu,0.002,8.0,0.002,1.0,,5e-05,,5.0,,100.0,1e-08,1e-10,200.0,0.5,3900.0,,,,,,,run008_burgers1d_burgers_more_points_nu0p002_fp32_s1,,,strong_wolfe,,,
burgers1d,fp64,0,0.002,256,4,10000,800.0,800.0,3000,2000,7.078166009537921e-06,0.0505241517775161,662.0671119689941,final/runs/run009_burgers1d_burgers_more_points_nu0p002_fp64_s0,final_results,burgers_more_points,0.0467601787060381,662.0671119689941,nu,0.002,9.0,0.002,1.0,,5e-05,,5.0,,100.0,1e-08,1e-10,200.0,0.5,3600.0,,,,,,,run009_burgers1d_burgers_more_points_nu0p002_fp64_s0,,,strong_wolfe,,,
burgers1d,fp64,1,0.002,256,4,10000,800.0,800.0,3000,2000,9.254227065890216e-06,0.0504101135208905,678.9352073669434,final/runs/run010_burgers1d_burgers_more_points_nu0p002_fp64_s1,final_results,burgers_more_points,0.0462870463160776,678.9352073669434,nu,0.002,10.0,0.002,1.0,,5e-05,,5.0,,100.0,1e-08,1e-10,200.0,0.5,3800.0,,,,,,,run010_burgers1d_burgers_more_points_nu0p002_fp64_s1,,,strong_wolfe,,,
burgers1d,fp16,0,0.002,256,4,10000,800.0,800.0,3000,2000,,,829.2378642559052,final/runs/run011_burgers1d_burgers_more_points_nu0p002_fp16_s0,final_results,burgers_more_points,,829.2378642559052,nu,0.002,11.0,0.002,1.0,,5e-05,,5.0,,100.0,1e-08,1e-10,200.0,0.5,,,,,,,,run011_burgers1d_burgers_more_points_nu0p002_fp16_s0,,,strong_wolfe,,,
burgers1d,fp16,1,0.002,256,4,10000,800.0,800.0,3000,2000,,,832.4802167415619,final/runs/run012_burgers1d_burgers_more_points_nu0p002_fp16_s1,final_results,burgers_more_points,,832.4802167415619,nu,0.002,12.0,0.002,1.0,,5e-05,,5.0,,100.0,1e-08,1e-10,200.0,0.5,,,,,,,,run012_burgers1d_burgers_more_points_nu0p002_fp16_s1,,,strong_wolfe,,,
helmholtz1d,fp32,0,"{'m': 8, 'lambda_val': 1.0, 'hard_bc': False, 'bc_weight': 1.0}",128,4,5000,0.0,2.0,10000,1000,1.4731188002770068e-06,0.0031560382340103,131.60826110839844,final/runs/run013_helmholtz1d_helmholtz_resample_long_m8_fp32_s0,final_results,helmholtz_resample_long,0.0031560382340103,131.60826110839844,m,8.0,13.0,,,,0.0005,,1.0,,50.0,1e-08,1e-09,200.0,1.0,10200.0,,8.0,1.0,,False,1.0,run013_helmholtz1d_helmholtz_resample_long_m8_fp32_s0,,,strong_wolfe,,,
helmholtz1d,fp32,1,"{'m': 8, 'lambda_val': 1.0, 'hard_bc': False, 'bc_weight': 1.0}",128,4,5000,0.0,2.0,10000,1000,1.4262478771343012e-06,0.00334372674115,130.80954003334045,final/runs/run014_helmholtz1d_helmholtz_resample_long_m8_fp32_s1,final_results,helmholtz_resample_long,0.00334372674115,130.80954003334045,m,8.0,14.0,,,,0.0005,,1.0,,50.0,1e-08,1e-09,200.0,1.0,10300.0,,8.0,1.0,,False,1.0,run014_helmholtz1d_helmholtz_resample_long_m8_fp32_s1,,,strong_wolfe,,,
helmholtz1d,fp64,0,"{'m': 8, 'lambda_val': 1.0, 'hard_bc': False, 'bc_weight': 1.0}",128,4,5000,0.0,2.0,10000,1000,1.7426919943344067e-06,0.0010758262542644,131.9473671913147,final/runs/run015_helmholtz1d_helmholtz_resample_long_m8_fp64_s0,final_results,helmholtz_resample_long,0.0010758262542644,131.9473671913147,m,8.0,15.0,,,,0.0005,,1.0,,50.0,1e-08,1e-09,200.0,1.0,10300.0,,8.0,1.0,,False,1.0,run015_helmholtz1d_helmholtz_resample_long_m8_fp64_s0,,,strong_wolfe,,,
helmholtz1d,fp64,1,"{'m': 8, 'lambda_val': 1.0, 'hard_bc': False, 'bc_weight': 1.0}",128,4,5000,0.0,2.0,10000,1000,1.24071681232952e-05,0.2298232918962674,117.94852638244627,final/runs/run016_helmholtz1d_helmholtz_resample_long_m8_fp64_s1,final_results,helmholtz_resample_long,0.2298230628129184,117.94852638244627,m,8.0,16.0,,,,0.0005,,1.0,,50.0,1e-08,1e-09,200.0,1.0,10000.0,,8.0,1.0,,False,1.0,run016_helmholtz1d_helmholtz_resample_long_m8_fp64_s1,,,strong_wolfe,,,
helmholtz1d,fp16,0,"{'m': 8, 'lambda_val': 1.0, 'hard_bc': False, 'bc_weight': 1.0}",128,4,5000,0.0,2.0,10000,1000,,,399.1708152294159,final/runs/run017_helmholtz1d_helmholtz_resample_long_m8_fp16_s0,final_results,helmholtz_resample_long,,399.1708152294159,m,8.0,17.0,,,,0.0005,,1.0,,50.0,1e-08,1e-09,200.0,1.0,,,8.0,1.0,,False,1.0,run017_helmholtz1d_helmholtz_resample_long_m8_fp16_s0,,,strong_wolfe,,,
helmholtz1d,fp16,1,"{'m': 8, 'lambda_val': 1.0, 'hard_bc': False, 'bc_weight': 1.0}",128,4,5000,0.0,2.0,10000,1000,,,397.9707365036011,final/runs/run018_helmholtz1d_helmholtz_resample_long_m8_fp16_s1,final_results,helmholtz_resample_long,,397.9707365036011,m,8.0,18.0,,,,0.0005,,1.0,,50.0,1e-08,1e-09,200.0,1.0,,,8.0,1.0,,False,1.0,run018_helmholtz1d_helmholtz_resample_long_m8_fp16_s1,,,strong_wolfe,,,
helmholtz1d,fp32,0,"{'m': 12, 'lambda_val': 1.0, 'hard_bc': False, 'bc_weight': 1.0}",128,4,5000,0.0,2.0,10000,1000,1.3776952982880175e-06,0.0186685994267463,140.96374654769895,final/runs/run019_helmholtz1d_helmholtz_resample_long_m12_fp32_s0,final_results,helmholtz_resample_long,0.0186685994267463,140.96374654769895,m,12.0,19.0,,,,0.0005,,1.0,,50.0,1e-08,1e-09,200.0,1.0,11000.0,,12.0,1.0,,False,1.0,run019_helmholtz1d_helmholtz_resample_long_m12_fp32_s0,,,strong_wolfe,,,
helmholtz1d,fp32,1,"{'m': 12, 'lambda_val': 1.0, 'hard_bc': False, 'bc_weight': 1.0}",128,4,5000,0.0,2.0,10000,1000,2.172567292291206e-06,0.0063924300484359,141.39556193351746,final/runs/run020_helmholtz1d_helmholtz_resample_long_m12_fp32_s1,final_results,helmholtz_resample_long,0.0063924300484359,141.39556193351746,m,12.0,20.0,,,,0.0005,,1.0,,50.0,1e-08,1e-09,200.0,1.0,11000.0,,12.0,1.0,,False,1.0,run020_helmholtz1d_helmholtz_resample_long_m12_fp32_s1,,,strong_wolfe,,,
helmholtz1d,fp64,0,"{'m': 12, 'lambda_val': 1.0, 'hard_bc': False, 'bc_weight': 1.0}",128,4,5000,0.0,2.0,10000,1000,2.030532768650081e-06,0.0030846842445477,141.66202068328855,final/runs/run021_helmholtz1d_helmholtz_resample_long_m12_fp64_s0,final_results,helmholtz_resample_long,0.0030846842445477,141.66202068328855,m,12.0,21.0,,,,0.0005,,1.0,,50.0,1e-08,1e-09,200.0,1.0,11000.0,,12.0,1.0,,False,1.0,run021_helmholtz1d_helmholtz_resample_long_m12_fp64_s0,,,strong_wolfe,,,
helmholtz1d,fp64,1,"{'m': 12, 'lambda_val': 1.0, 'hard_bc': False, 'bc_weight': 1.0}",128,4,5000,0.0,2.0,10000,1000,1.8073795158368656e-06,0.0020114377428269,140.36146545410156,final/runs/run022_helmholtz1d_helmholtz_resample_long_m12_fp64_s1,final_results,helmholtz_resample_long,0.0011424918594755,140.36146545410156,m,12.0,22.0,,,,0.0005,,1.0,,50.0,1e-08,1e-09,200.0,1.0,10900.0,,12.0,1.0,,False,1.0,run022_helmholtz1d_helmholtz_resample_long_m12_fp64_s1,,,strong_wolfe,,,
helmholtz1d,fp16,0,"{'m': 12, 'lambda_val': 1.0, 'hard_bc': False, 'bc_weight': 1.0}",128,4,5000,0.0,2.0,10000,1000,,,398.68045806884766,final/runs/run023_helmholtz1d_helmholtz_resample_long_m12_fp16_s0,final_results,helmholtz_resample_long,,398.68045806884766,m,12.0,23.0,,,,0.0005,,1.0,,50.0,1e-08,1e-09,200.0,1.0,,,12.0,1.0,,False,1.0,run023_helmholtz1d_helmholtz_resample_long_m12_fp16_s0,,,strong_wolfe,,,
helmholtz1d,fp16,1,"{'m': 12, 'lambda_val': 1.0, 'hard_bc': False, 'bc_weight': 1.0}",128,4,5000,0.0,2.0,10000,1000,,,400.4289340972901,final/runs/run024_helmholtz1d_helmholtz_resample_long_m12_fp16_s1,final_results,helmholtz_resample_long,,400.4289340972901,m,12.0,24.0,,,,0.0005,,1.0,,50.0,1e-08,1e-09,200.0,1.0,,,12.0,1.0,,False,1.0,run024_helmholtz1d_helmholtz_resample_long_m12_fp16_s1,,,strong_wolfe,,,
convection1d,fp32,0,30.0,256,3,4225,65.0,65.0,0,4000,4.1249226342188194e-05,0.0080388681963086,467.5926570892334,final/runs/run025_convection1d_convection_beta30_lbfgs_grid_beta30p0_fp32_s0,final_results,convection_beta30_lbfgs_grid,0.0080388681963086,467.5926570892334,beta,30.0,25.0,,1.0,,0.0001,,10.0,,50.0,1e-08,1e-09,0.0,1.0,1200.0,,,,grid,,,run025_convection1d_convection_beta30_lbfgs_grid_beta30p0_fp32_s0,,,strong_wolfe,30.0,65.0,
convection1d,fp32,1,30.0,256,3,4225,65.0,65.0,0,4000,6.984756328165531e-05,0.0138436090201139,478.7155635356903,final/runs/run026_convection1d_convection_beta30_lbfgs_grid_beta30p0_fp32_s1,final_results,convection_beta30_lbfgs_grid,0.0138436090201139,478.7155635356903,beta,30.0,26.0,,1.0,,0.0001,,10.0,,50.0,1e-08,1e-09,0.0,1.0,1000.0,,,,grid,,,run026_convection1d_convection_beta30_lbfgs_grid_beta30p0_fp32_s1,,,strong_wolfe,30.0,65.0,
convection1d,fp64,0,30.0,256,3,4225,65.0,65.0,0,4000,8.386172982106453e-06,0.006678353136342,505.06165504455566,final/runs/run027_convection1d_convection_beta30_lbfgs_grid_beta30p0_fp64_s0,final_results,convection_beta30_lbfgs_grid,0.0065081180455283,505.06165504455566,beta,30.0,27.0,,1.0,,0.0001,,10.0,,50.0,1e-08,1e-09,0.0,1.0,1800.0,,,,grid,,,run027_convection1d_convection_beta30_lbfgs_grid_beta30p0_fp64_s0,,,strong_wolfe,30.0,65.0,
convection1d,fp64,1,30.0,256,3,4225,65.0,65.0,0,4000,8.258063354460632e-06,0.006742623429787,395.7870223522186,final/runs/run028_convection1d_convection_beta30_lbfgs_grid_beta30p0_fp64_s1,final_results,convection_beta30_lbfgs_grid,0.006742623429787,395.7870223522186,beta,30.0,28.0,,1.0,,0.0001,,10.0,,50.0,1e-08,1e-09,0.0,1.0,1400.0,,,,grid,,,run028_convection1d_convection_beta30_lbfgs_grid_beta30p0_fp64_s1,,,strong_wolfe,30.0,65.0,
convection1d,fp16,0,30.0,256,3,4225,65.0,65.0,0,4000,0.493896484375,1.0009765625,1134.0587012767792,final/runs/run029_convection1d_convection_beta30_lbfgs_grid_beta30p0_fp16_s0,final_results,convection_beta30_lbfgs_grid,1.0009765625,1134.0587012767792,beta,30.0,29.0,,1.0,,0.0001,,10.0,,50.0,1e-08,1e-09,0.0,1.0,1.0,,,,grid,,,run029_convection1d_convection_beta30_lbfgs_grid_beta30p0_fp16_s0,,,strong_wolfe,30.0,65.0,
convection1d,fp16,1,,256,3,4225,65.0,65.0,0,4000,,,0.2920892238616943,final/runs/run030_convection1d_convection_beta30_lbfgs_grid_beta30p0_fp16_s1,final_results,convection_beta30_lbfgs_grid,,0.2920892238616943,beta,30.0,30.0,,1.0,,0.0001,,10.0,,50.0,1e-08,1e-09,0.0,1.0,,,,,grid,,,run030_convection1d_convection_beta30_lbfgs_grid_beta30p0_fp16_s1,,,strong_wolfe,30.0,65.0,float division by zero
convection1d,fp32,0,50.0,512,3,10201,101.0,101.0,0,5000,0.0093999914824962,0.6873066425323486,1088.6382277011871,final/runs/run031_convection1d_convection_beta50_wide_lbfgs_beta50p0_fp32_s0,final_results,convection_beta50_wide_lbfgs,0.6873066425323486,1088.6382277011871,beta,50.0,31.0,,1.0,,5e-05,,10.0,,100.0,1e-08,1e-10,0.0,0.5,1800.0,,,,grid,,,run031_convection1d_convection_beta50_wide_lbfgs_beta50p0_fp32_s0,,,strong_wolfe,50.0,101.0,
convection1d,fp64,0,50.0,512,3,10201,101.0,101.0,0,5000,6.596239085167774e-06,0.0071818074399789,2370.150009393692,final/runs/run032_convection1d_convection_beta50_wide_lbfgs_beta50p0_fp64_s0,final_results,convection_beta50_wide_lbfgs,0.0071818074399789,2370.150009393692,beta,50.0,32.0,,1.0,,5e-05,,10.0,,100.0,1e-08,1e-10,0.0,0.5,4500.0,,,,grid,,,run032_convection1d_convection_beta50_wide_lbfgs_beta50p0_fp64_s0,,,strong_wolfe,50.0,101.0,
convection1d,fp16,0,50.0,512,3,10201,101.0,101.0,0,5000,,,1431.7947599887848,final/runs/run033_convection1d_convection_beta50_wide_lbfgs_beta50p0_fp16_s0,final_results,convection_beta50_wide_lbfgs,1.0205078125,1431.7947599887848,beta,50.0,33.0,,1.0,,5e-05,,10.0,,100.0,1e-08,1e-10,0.0,0.5,1.0,,,,grid,,,run033_convection1d_convection_beta50_wide_lbfgs_beta50p0_fp16_s0,,,strong_wolfe,50.0,101.0,
